<PAMDataset>
  <Metadata/>
  <Metadata domain="ESRI">
    <MDI key="PyramidResamplingType">NEAREST</MDI>
  </Metadata>
  <PAMRasterBand band="1">
    <Histograms>
      <HistItem>
        <HistMin>-97</HistMin>
        <HistMax>289</HistMax>
        <BucketCount>256</BucketCount>
        <IncludeOutOfRange>1</IncludeOutOfRange>
        <Approximate>0</Approximate>
        <HistCounts>4|0|1|1|2|2|0|0|0|3|0|2|0|2|1|4|1|3|2|4|2|11|4|5|4|8|8|10|5|15|4|7|7|18|5|10|13|4|14|8|15|11|24|8|19|21|29|20|25|15|32|29|34|24|51|25|59|33|83|50|116|71|157|69|167|103|210|127|267|137|329|225|470|575|349|814|457|1103|660|1549|1058|3417|2797|10102|8555|28001|20818|48510|23018|42590|20192|48047|27980|49913|22488|41282|20968|42118|22017|44209|22444|47155|23669|47291|23207|46496|22662|44488|21753|42947|42850|20708|40113|19537|37986|18276|34987|16823|30563|14009|26047|12062|22128|10290|18669|8356|15254|7131|12722|5906|10712|4850|8560|3801|6898|2976|5289|2435|4078|1867|3119|1474|2474|1076|1924|1761|733|1395|639|1236|569|1007|500|959|445|805|389|714|336|625|301|600|253|533|233|497|243|403|232|385|190|369|175|340|160|275|158|241|118|219|107|191|180|74|156|72|137|75|120|79|104|52|105|58|104|54|110|54|97|52|95|48|88|37|75|34|74|26|75|31|60|27|63|27|48|23|39|20|27|25|11|15|10|11|10|15|5|14|2|10|7|12|3|17|8|9|3|9|7|10|5|6|3|8|4|4|2|0|4|5|2|3|1|4|0|2</HistCounts>
      </HistItem>
    </Histograms>
    <GDALRasterAttributeTable>
      <FieldDefn index="0">
        <Name>OBJECTID</Name>
        <Type>0</Type>
        <Usage>0</Usage>
      </FieldDefn>
      <FieldDefn index="1">
        <Name>Value</Name>
        <Type>0</Type>
        <Usage>0</Usage>
      </FieldDefn>
      <FieldDefn index="2">
        <Name>BinValues</Name>
        <Type>1</Type>
        <Usage>0</Usage>
      </FieldDefn>
      <FieldDefn index="3">
        <Name>Count</Name>
        <Type>1</Type>
        <Usage>0</Usage>
      </FieldDefn>
      <Row index="0">
        <F>1</F>
        <F>0</F>
        <F>-97</F>
        <F>90</F>
      </Row>
      <Row index="1">
        <F>2</F>
        <F>1</F>
        <F>-96</F>
        <F>77</F>
      </Row>
      <Row index="2">
        <F>3</F>
        <F>2</F>
        <F>-93</F>
        <F>103</F>
      </Row>
      <Row index="3">
        <F>4</F>
        <F>3</F>
        <F>-91</F>
        <F>98</F>
      </Row>
      <Row index="4">
        <F>5</F>
        <F>4</F>
        <F>-90</F>
        <F>112</F>
      </Row>
      <Row index="5">
        <F>6</F>
        <F>5</F>
        <F>-89</F>
        <F>127</F>
      </Row>
      <Row index="6">
        <F>7</F>
        <F>6</F>
        <F>-88</F>
        <F>113</F>
      </Row>
      <Row index="7">
        <F>8</F>
        <F>7</F>
        <F>-83</F>
        <F>154</F>
      </Row>
      <Row index="8">
        <F>9</F>
        <F>8</F>
        <F>-82</F>
        <F>137</F>
      </Row>
      <Row index="9">
        <F>10</F>
        <F>9</F>
        <F>-79</F>
        <F>151</F>
      </Row>
      <Row index="10">
        <F>11</F>
        <F>10</F>
        <F>-77</F>
        <F>178</F>
      </Row>
      <Row index="11">
        <F>12</F>
        <F>11</F>
        <F>-76</F>
        <F>225</F>
      </Row>
      <Row index="12">
        <F>13</F>
        <F>12</F>
        <F>-75</F>
        <F>220</F>
      </Row>
      <Row index="13">
        <F>14</F>
        <F>13</F>
        <F>-74</F>
        <F>250</F>
      </Row>
      <Row index="14">
        <F>15</F>
        <F>14</F>
        <F>-73</F>
        <F>278</F>
      </Row>
      <Row index="15">
        <F>16</F>
        <F>15</F>
        <F>-72</F>
        <F>297</F>
      </Row>
      <Row index="16">
        <F>17</F>
        <F>16</F>
        <F>-71</F>
        <F>349</F>
      </Row>
      <Row index="17">
        <F>18</F>
        <F>17</F>
        <F>-70</F>
        <F>387</F>
      </Row>
      <Row index="18">
        <F>19</F>
        <F>18</F>
        <F>-69</F>
        <F>427</F>
      </Row>
      <Row index="19">
        <F>20</F>
        <F>19</F>
        <F>-68</F>
        <F>457</F>
      </Row>
      <Row index="20">
        <F>21</F>
        <F>20</F>
        <F>-67</F>
        <F>510</F>
      </Row>
      <Row index="21">
        <F>22</F>
        <F>21</F>
        <F>-66</F>
        <F>593</F>
      </Row>
      <Row index="22">
        <F>23</F>
        <F>22</F>
        <F>-65</F>
        <F>660</F>
      </Row>
      <Row index="23">
        <F>24</F>
        <F>23</F>
        <F>-64</F>
        <F>714</F>
      </Row>
      <Row index="24">
        <F>25</F>
        <F>24</F>
        <F>-63</F>
        <F>835</F>
      </Row>
      <Row index="25">
        <F>26</F>
        <F>25</F>
        <F>-62</F>
        <F>1058</F>
      </Row>
      <Row index="26">
        <F>27</F>
        <F>26</F>
        <F>-61</F>
        <F>1403</F>
      </Row>
      <Row index="27">
        <F>28</F>
        <F>27</F>
        <F>-60</F>
        <F>2014</F>
      </Row>
      <Row index="28">
        <F>29</F>
        <F>28</F>
        <F>-59</F>
        <F>2797</F>
      </Row>
      <Row index="29">
        <F>30</F>
        <F>29</F>
        <F>-58</F>
        <F>4063</F>
      </Row>
      <Row index="30">
        <F>31</F>
        <F>30</F>
        <F>-57</F>
        <F>6039</F>
      </Row>
      <Row index="31">
        <F>32</F>
        <F>31</F>
        <F>-56</F>
        <F>8555</F>
      </Row>
      <Row index="32">
        <F>33</F>
        <F>32</F>
        <F>-55</F>
        <F>11503</F>
      </Row>
      <Row index="33">
        <F>34</F>
        <F>33</F>
        <F>-54</F>
        <F>16498</F>
      </Row>
      <Row index="34">
        <F>35</F>
        <F>34</F>
        <F>-53</F>
        <F>20818</F>
      </Row>
      <Row index="35">
        <F>36</F>
        <F>35</F>
        <F>-52</F>
        <F>24073</F>
      </Row>
      <Row index="36">
        <F>37</F>
        <F>36</F>
        <F>-51</F>
        <F>24437</F>
      </Row>
      <Row index="37">
        <F>38</F>
        <F>37</F>
        <F>-50</F>
        <F>23018</F>
      </Row>
      <Row index="38">
        <F>39</F>
        <F>38</F>
        <F>-49</F>
        <F>22285</F>
      </Row>
      <Row index="39">
        <F>40</F>
        <F>39</F>
        <F>-48</F>
        <F>20305</F>
      </Row>
      <Row index="40">
        <F>41</F>
        <F>40</F>
        <F>-47</F>
        <F>20192</F>
      </Row>
      <Row index="41">
        <F>42</F>
        <F>41</F>
        <F>-46</F>
        <F>22467</F>
      </Row>
      <Row index="42">
        <F>43</F>
        <F>42</F>
        <F>-45</F>
        <F>25580</F>
      </Row>
      <Row index="43">
        <F>44</F>
        <F>43</F>
        <F>-44</F>
        <F>27980</F>
      </Row>
      <Row index="44">
        <F>45</F>
        <F>44</F>
        <F>-43</F>
        <F>25996</F>
      </Row>
      <Row index="45">
        <F>46</F>
        <F>45</F>
        <F>-42</F>
        <F>23917</F>
      </Row>
      <Row index="46">
        <F>47</F>
        <F>46</F>
        <F>-41</F>
        <F>22488</F>
      </Row>
      <Row index="47">
        <F>48</F>
        <F>47</F>
        <F>-40</F>
        <F>20654</F>
      </Row>
      <Row index="48">
        <F>49</F>
        <F>48</F>
        <F>-39</F>
        <F>20628</F>
      </Row>
      <Row index="49">
        <F>50</F>
        <F>49</F>
        <F>-38</F>
        <F>20968</F>
      </Row>
      <Row index="50">
        <F>51</F>
        <F>50</F>
        <F>-37</F>
        <F>20809</F>
      </Row>
      <Row index="51">
        <F>52</F>
        <F>51</F>
        <F>-36</F>
        <F>21309</F>
      </Row>
      <Row index="52">
        <F>53</F>
        <F>52</F>
        <F>-35</F>
        <F>22017</F>
      </Row>
      <Row index="53">
        <F>54</F>
        <F>53</F>
        <F>-34</F>
        <F>22028</F>
      </Row>
      <Row index="54">
        <F>55</F>
        <F>54</F>
        <F>-33</F>
        <F>22181</F>
      </Row>
      <Row index="55">
        <F>56</F>
        <F>55</F>
        <F>-32</F>
        <F>22444</F>
      </Row>
      <Row index="56">
        <F>57</F>
        <F>56</F>
        <F>-31</F>
        <F>23430</F>
      </Row>
      <Row index="57">
        <F>58</F>
        <F>57</F>
        <F>-30</F>
        <F>23725</F>
      </Row>
      <Row index="58">
        <F>59</F>
        <F>58</F>
        <F>-29</F>
        <F>23669</F>
      </Row>
      <Row index="59">
        <F>60</F>
        <F>59</F>
        <F>-28</F>
        <F>23889</F>
      </Row>
      <Row index="60">
        <F>61</F>
        <F>60</F>
        <F>-27</F>
        <F>23402</F>
      </Row>
      <Row index="61">
        <F>62</F>
        <F>61</F>
        <F>-26</F>
        <F>23207</F>
      </Row>
      <Row index="62">
        <F>63</F>
        <F>62</F>
        <F>-25</F>
        <F>23438</F>
      </Row>
      <Row index="63">
        <F>64</F>
        <F>63</F>
        <F>-24</F>
        <F>23058</F>
      </Row>
      <Row index="64">
        <F>65</F>
        <F>64</F>
        <F>-23</F>
        <F>22662</F>
      </Row>
      <Row index="65">
        <F>66</F>
        <F>65</F>
        <F>-22</F>
        <F>22473</F>
      </Row>
      <Row index="66">
        <F>67</F>
        <F>66</F>
        <F>-21</F>
        <F>22015</F>
      </Row>
      <Row index="67">
        <F>68</F>
        <F>67</F>
        <F>-20</F>
        <F>21753</F>
      </Row>
      <Row index="68">
        <F>69</F>
        <F>68</F>
        <F>-19</F>
        <F>21409</F>
      </Row>
      <Row index="69">
        <F>70</F>
        <F>69</F>
        <F>-18</F>
        <F>21538</F>
      </Row>
      <Row index="70">
        <F>71</F>
        <F>70</F>
        <F>-17</F>
        <F>21368</F>
      </Row>
      <Row index="71">
        <F>72</F>
        <F>71</F>
        <F>-16</F>
        <F>21482</F>
      </Row>
      <Row index="72">
        <F>73</F>
        <F>72</F>
        <F>-15</F>
        <F>20708</F>
      </Row>
      <Row index="73">
        <F>74</F>
        <F>73</F>
        <F>-14</F>
        <F>20364</F>
      </Row>
      <Row index="74">
        <F>75</F>
        <F>74</F>
        <F>-13</F>
        <F>19749</F>
      </Row>
      <Row index="75">
        <F>76</F>
        <F>75</F>
        <F>-12</F>
        <F>19537</F>
      </Row>
      <Row index="76">
        <F>77</F>
        <F>76</F>
        <F>-11</F>
        <F>19461</F>
      </Row>
      <Row index="77">
        <F>78</F>
        <F>77</F>
        <F>-10</F>
        <F>18525</F>
      </Row>
      <Row index="78">
        <F>79</F>
        <F>78</F>
        <F>-9</F>
        <F>18276</F>
      </Row>
      <Row index="79">
        <F>80</F>
        <F>79</F>
        <F>-8</F>
        <F>17671</F>
      </Row>
      <Row index="80">
        <F>81</F>
        <F>80</F>
        <F>-7</F>
        <F>17316</F>
      </Row>
      <Row index="81">
        <F>82</F>
        <F>81</F>
        <F>-6</F>
        <F>16823</F>
      </Row>
      <Row index="82">
        <F>83</F>
        <F>82</F>
        <F>-5</F>
        <F>15766</F>
      </Row>
      <Row index="83">
        <F>84</F>
        <F>83</F>
        <F>-4</F>
        <F>14797</F>
      </Row>
      <Row index="84">
        <F>85</F>
        <F>84</F>
        <F>-3</F>
        <F>14009</F>
      </Row>
      <Row index="85">
        <F>86</F>
        <F>85</F>
        <F>-2</F>
        <F>13245</F>
      </Row>
      <Row index="86">
        <F>87</F>
        <F>86</F>
        <F>-1</F>
        <F>12802</F>
      </Row>
      <Row index="87">
        <F>88</F>
        <F>87</F>
        <F>0</F>
        <F>12062</F>
      </Row>
      <Row index="88">
        <F>89</F>
        <F>88</F>
        <F>1</F>
        <F>11356</F>
      </Row>
      <Row index="89">
        <F>90</F>
        <F>89</F>
        <F>2</F>
        <F>10772</F>
      </Row>
      <Row index="90">
        <F>91</F>
        <F>90</F>
        <F>3</F>
        <F>10290</F>
      </Row>
      <Row index="91">
        <F>92</F>
        <F>91</F>
        <F>4</F>
        <F>9665</F>
      </Row>
      <Row index="92">
        <F>93</F>
        <F>92</F>
        <F>5</F>
        <F>9004</F>
      </Row>
      <Row index="93">
        <F>94</F>
        <F>93</F>
        <F>6</F>
        <F>8356</F>
      </Row>
      <Row index="94">
        <F>95</F>
        <F>94</F>
        <F>7</F>
        <F>7860</F>
      </Row>
      <Row index="95">
        <F>96</F>
        <F>95</F>
        <F>8</F>
        <F>7394</F>
      </Row>
      <Row index="96">
        <F>97</F>
        <F>96</F>
        <F>9</F>
        <F>7131</F>
      </Row>
      <Row index="97">
        <F>98</F>
        <F>97</F>
        <F>10</F>
        <F>6611</F>
      </Row>
      <Row index="98">
        <F>99</F>
        <F>98</F>
        <F>11</F>
        <F>6111</F>
      </Row>
      <Row index="99">
        <F>100</F>
        <F>99</F>
        <F>12</F>
        <F>5906</F>
      </Row>
      <Row index="100">
        <F>101</F>
        <F>100</F>
        <F>13</F>
        <F>5525</F>
      </Row>
      <Row index="101">
        <F>102</F>
        <F>101</F>
        <F>14</F>
        <F>5187</F>
      </Row>
      <Row index="102">
        <F>103</F>
        <F>102</F>
        <F>15</F>
        <F>4850</F>
      </Row>
      <Row index="103">
        <F>104</F>
        <F>103</F>
        <F>16</F>
        <F>4406</F>
      </Row>
      <Row index="104">
        <F>105</F>
        <F>104</F>
        <F>17</F>
        <F>4154</F>
      </Row>
      <Row index="105">
        <F>106</F>
        <F>105</F>
        <F>18</F>
        <F>3801</F>
      </Row>
      <Row index="106">
        <F>107</F>
        <F>106</F>
        <F>19</F>
        <F>3537</F>
      </Row>
      <Row index="107">
        <F>108</F>
        <F>107</F>
        <F>20</F>
        <F>3361</F>
      </Row>
      <Row index="108">
        <F>109</F>
        <F>108</F>
        <F>21</F>
        <F>2976</F>
      </Row>
      <Row index="109">
        <F>110</F>
        <F>109</F>
        <F>22</F>
        <F>2783</F>
      </Row>
      <Row index="110">
        <F>111</F>
        <F>110</F>
        <F>23</F>
        <F>2506</F>
      </Row>
      <Row index="111">
        <F>112</F>
        <F>111</F>
        <F>24</F>
        <F>2435</F>
      </Row>
      <Row index="112">
        <F>113</F>
        <F>112</F>
        <F>25</F>
        <F>2131</F>
      </Row>
      <Row index="113">
        <F>114</F>
        <F>113</F>
        <F>26</F>
        <F>1947</F>
      </Row>
      <Row index="114">
        <F>115</F>
        <F>114</F>
        <F>27</F>
        <F>1867</F>
      </Row>
      <Row index="115">
        <F>116</F>
        <F>115</F>
        <F>28</F>
        <F>1651</F>
      </Row>
      <Row index="116">
        <F>117</F>
        <F>116</F>
        <F>29</F>
        <F>1468</F>
      </Row>
      <Row index="117">
        <F>118</F>
        <F>117</F>
        <F>30</F>
        <F>1474</F>
      </Row>
      <Row index="118">
        <F>119</F>
        <F>118</F>
        <F>31</F>
        <F>1300</F>
      </Row>
      <Row index="119">
        <F>120</F>
        <F>119</F>
        <F>32</F>
        <F>1174</F>
      </Row>
      <Row index="120">
        <F>121</F>
        <F>120</F>
        <F>33</F>
        <F>1076</F>
      </Row>
      <Row index="121">
        <F>122</F>
        <F>121</F>
        <F>34</F>
        <F>982</F>
      </Row>
      <Row index="122">
        <F>123</F>
        <F>122</F>
        <F>35</F>
        <F>942</F>
      </Row>
      <Row index="123">
        <F>124</F>
        <F>123</F>
        <F>36</F>
        <F>922</F>
      </Row>
      <Row index="124">
        <F>125</F>
        <F>124</F>
        <F>37</F>
        <F>839</F>
      </Row>
      <Row index="125">
        <F>126</F>
        <F>125</F>
        <F>38</F>
        <F>733</F>
      </Row>
      <Row index="126">
        <F>127</F>
        <F>126</F>
        <F>39</F>
        <F>695</F>
      </Row>
      <Row index="127">
        <F>128</F>
        <F>127</F>
        <F>40</F>
        <F>700</F>
      </Row>
      <Row index="128">
        <F>129</F>
        <F>128</F>
        <F>41</F>
        <F>639</F>
      </Row>
      <Row index="129">
        <F>130</F>
        <F>129</F>
        <F>42</F>
        <F>637</F>
      </Row>
      <Row index="130">
        <F>131</F>
        <F>130</F>
        <F>43</F>
        <F>599</F>
      </Row>
      <Row index="131">
        <F>132</F>
        <F>131</F>
        <F>44</F>
        <F>569</F>
      </Row>
      <Row index="132">
        <F>133</F>
        <F>132</F>
        <F>45</F>
        <F>495</F>
      </Row>
      <Row index="133">
        <F>134</F>
        <F>133</F>
        <F>46</F>
        <F>512</F>
      </Row>
      <Row index="134">
        <F>135</F>
        <F>134</F>
        <F>47</F>
        <F>500</F>
      </Row>
      <Row index="135">
        <F>136</F>
        <F>135</F>
        <F>48</F>
        <F>450</F>
      </Row>
      <Row index="136">
        <F>137</F>
        <F>136</F>
        <F>49</F>
        <F>509</F>
      </Row>
      <Row index="137">
        <F>138</F>
        <F>137</F>
        <F>50</F>
        <F>445</F>
      </Row>
      <Row index="138">
        <F>139</F>
        <F>138</F>
        <F>51</F>
        <F>394</F>
      </Row>
      <Row index="139">
        <F>140</F>
        <F>139</F>
        <F>52</F>
        <F>411</F>
      </Row>
      <Row index="140">
        <F>141</F>
        <F>140</F>
        <F>53</F>
        <F>389</F>
      </Row>
      <Row index="141">
        <F>142</F>
        <F>141</F>
        <F>54</F>
        <F>375</F>
      </Row>
      <Row index="142">
        <F>143</F>
        <F>142</F>
        <F>55</F>
        <F>339</F>
      </Row>
      <Row index="143">
        <F>144</F>
        <F>143</F>
        <F>56</F>
        <F>336</F>
      </Row>
      <Row index="144">
        <F>145</F>
        <F>144</F>
        <F>57</F>
        <F>324</F>
      </Row>
      <Row index="145">
        <F>146</F>
        <F>145</F>
        <F>58</F>
        <F>301</F>
      </Row>
      <Row index="146">
        <F>147</F>
        <F>146</F>
        <F>59</F>
        <F>301</F>
      </Row>
      <Row index="147">
        <F>148</F>
        <F>147</F>
        <F>60</F>
        <F>294</F>
      </Row>
      <Row index="148">
        <F>149</F>
        <F>148</F>
        <F>61</F>
        <F>306</F>
      </Row>
      <Row index="149">
        <F>150</F>
        <F>149</F>
        <F>62</F>
        <F>253</F>
      </Row>
      <Row index="150">
        <F>151</F>
        <F>150</F>
        <F>63</F>
        <F>267</F>
      </Row>
      <Row index="151">
        <F>152</F>
        <F>151</F>
        <F>64</F>
        <F>266</F>
      </Row>
      <Row index="152">
        <F>153</F>
        <F>152</F>
        <F>65</F>
        <F>233</F>
      </Row>
      <Row index="153">
        <F>154</F>
        <F>153</F>
        <F>66</F>
        <F>247</F>
      </Row>
      <Row index="154">
        <F>155</F>
        <F>154</F>
        <F>67</F>
        <F>250</F>
      </Row>
      <Row index="155">
        <F>156</F>
        <F>155</F>
        <F>68</F>
        <F>243</F>
      </Row>
      <Row index="156">
        <F>157</F>
        <F>156</F>
        <F>69</F>
        <F>212</F>
      </Row>
      <Row index="157">
        <F>158</F>
        <F>157</F>
        <F>70</F>
        <F>191</F>
      </Row>
      <Row index="158">
        <F>159</F>
        <F>158</F>
        <F>71</F>
        <F>232</F>
      </Row>
      <Row index="159">
        <F>160</F>
        <F>159</F>
        <F>72</F>
        <F>183</F>
      </Row>
      <Row index="160">
        <F>161</F>
        <F>160</F>
        <F>73</F>
        <F>202</F>
      </Row>
      <Row index="161">
        <F>162</F>
        <F>161</F>
        <F>74</F>
        <F>190</F>
      </Row>
      <Row index="162">
        <F>163</F>
        <F>162</F>
        <F>75</F>
        <F>172</F>
      </Row>
      <Row index="163">
        <F>164</F>
        <F>163</F>
        <F>76</F>
        <F>197</F>
      </Row>
      <Row index="164">
        <F>165</F>
        <F>164</F>
        <F>77</F>
        <F>175</F>
      </Row>
      <Row index="165">
        <F>166</F>
        <F>165</F>
        <F>78</F>
        <F>161</F>
      </Row>
      <Row index="166">
        <F>167</F>
        <F>166</F>
        <F>79</F>
        <F>179</F>
      </Row>
      <Row index="167">
        <F>168</F>
        <F>167</F>
        <F>80</F>
        <F>160</F>
      </Row>
      <Row index="168">
        <F>169</F>
        <F>168</F>
        <F>81</F>
        <F>144</F>
      </Row>
      <Row index="169">
        <F>170</F>
        <F>169</F>
        <F>82</F>
        <F>131</F>
      </Row>
      <Row index="170">
        <F>171</F>
        <F>170</F>
        <F>83</F>
        <F>158</F>
      </Row>
      <Row index="171">
        <F>172</F>
        <F>171</F>
        <F>84</F>
        <F>131</F>
      </Row>
      <Row index="172">
        <F>173</F>
        <F>172</F>
        <F>85</F>
        <F>110</F>
      </Row>
      <Row index="173">
        <F>174</F>
        <F>173</F>
        <F>86</F>
        <F>118</F>
      </Row>
      <Row index="174">
        <F>175</F>
        <F>174</F>
        <F>87</F>
        <F>111</F>
      </Row>
      <Row index="175">
        <F>176</F>
        <F>175</F>
        <F>88</F>
        <F>108</F>
      </Row>
      <Row index="176">
        <F>177</F>
        <F>176</F>
        <F>89</F>
        <F>107</F>
      </Row>
      <Row index="177">
        <F>178</F>
        <F>177</F>
        <F>90</F>
        <F>95</F>
      </Row>
      <Row index="178">
        <F>179</F>
        <F>178</F>
        <F>91</F>
        <F>96</F>
      </Row>
      <Row index="179">
        <F>180</F>
        <F>179</F>
        <F>92</F>
        <F>87</F>
      </Row>
      <Row index="180">
        <F>181</F>
        <F>180</F>
        <F>93</F>
        <F>93</F>
      </Row>
      <Row index="181">
        <F>182</F>
        <F>181</F>
        <F>94</F>
        <F>74</F>
      </Row>
      <Row index="182">
        <F>183</F>
        <F>182</F>
        <F>95</F>
        <F>77</F>
      </Row>
      <Row index="183">
        <F>184</F>
        <F>183</F>
        <F>96</F>
        <F>79</F>
      </Row>
      <Row index="184">
        <F>185</F>
        <F>184</F>
        <F>97</F>
        <F>72</F>
      </Row>
      <Row index="185">
        <F>186</F>
        <F>185</F>
        <F>98</F>
        <F>70</F>
      </Row>
      <Row index="186">
        <F>187</F>
        <F>186</F>
        <F>99</F>
        <F>67</F>
      </Row>
      <Row index="187">
        <F>188</F>
        <F>187</F>
        <F>100</F>
        <F>75</F>
      </Row>
      <Row index="188">
        <F>189</F>
        <F>188</F>
        <F>101</F>
        <F>67</F>
      </Row>
      <Row index="189">
        <F>190</F>
        <F>189</F>
        <F>102</F>
        <F>53</F>
      </Row>
      <Row index="190">
        <F>191</F>
        <F>190</F>
        <F>103</F>
        <F>79</F>
      </Row>
      <Row index="191">
        <F>192</F>
        <F>191</F>
        <F>104</F>
        <F>60</F>
      </Row>
      <Row index="192">
        <F>193</F>
        <F>192</F>
        <F>105</F>
        <F>44</F>
      </Row>
      <Row index="193">
        <F>194</F>
        <F>193</F>
        <F>106</F>
        <F>52</F>
      </Row>
      <Row index="194">
        <F>195</F>
        <F>194</F>
        <F>107</F>
        <F>67</F>
      </Row>
      <Row index="195">
        <F>196</F>
        <F>195</F>
        <F>108</F>
        <F>38</F>
      </Row>
      <Row index="196">
        <F>197</F>
        <F>196</F>
        <F>109</F>
        <F>58</F>
      </Row>
      <Row index="197">
        <F>198</F>
        <F>197</F>
        <F>110</F>
        <F>52</F>
      </Row>
      <Row index="198">
        <F>199</F>
        <F>198</F>
        <F>111</F>
        <F>52</F>
      </Row>
      <Row index="199">
        <F>200</F>
        <F>199</F>
        <F>112</F>
        <F>54</F>
      </Row>
      <Row index="200">
        <F>201</F>
        <F>200</F>
        <F>113</F>
        <F>60</F>
      </Row>
      <Row index="201">
        <F>202</F>
        <F>201</F>
        <F>114</F>
        <F>50</F>
      </Row>
      <Row index="202">
        <F>203</F>
        <F>202</F>
        <F>115</F>
        <F>54</F>
      </Row>
      <Row index="203">
        <F>204</F>
        <F>203</F>
        <F>116</F>
        <F>47</F>
      </Row>
      <Row index="204">
        <F>205</F>
        <F>204</F>
        <F>117</F>
        <F>50</F>
      </Row>
      <Row index="205">
        <F>206</F>
        <F>205</F>
        <F>118</F>
        <F>52</F>
      </Row>
      <Row index="206">
        <F>207</F>
        <F>206</F>
        <F>119</F>
        <F>52</F>
      </Row>
      <Row index="207">
        <F>208</F>
        <F>207</F>
        <F>120</F>
        <F>43</F>
      </Row>
      <Row index="208">
        <F>209</F>
        <F>208</F>
        <F>121</F>
        <F>48</F>
      </Row>
      <Row index="209">
        <F>210</F>
        <F>209</F>
        <F>122</F>
        <F>47</F>
      </Row>
      <Row index="210">
        <F>211</F>
        <F>210</F>
        <F>123</F>
        <F>41</F>
      </Row>
      <Row index="211">
        <F>212</F>
        <F>211</F>
        <F>124</F>
        <F>37</F>
      </Row>
      <Row index="212">
        <F>213</F>
        <F>212</F>
        <F>125</F>
        <F>38</F>
      </Row>
      <Row index="213">
        <F>214</F>
        <F>213</F>
        <F>126</F>
        <F>37</F>
      </Row>
      <Row index="214">
        <F>215</F>
        <F>214</F>
        <F>127</F>
        <F>34</F>
      </Row>
      <Row index="215">
        <F>216</F>
        <F>215</F>
        <F>128</F>
        <F>36</F>
      </Row>
      <Row index="216">
        <F>217</F>
        <F>216</F>
        <F>129</F>
        <F>38</F>
      </Row>
      <Row index="217">
        <F>218</F>
        <F>217</F>
        <F>130</F>
        <F>26</F>
      </Row>
      <Row index="218">
        <F>219</F>
        <F>218</F>
        <F>131</F>
        <F>43</F>
      </Row>
      <Row index="219">
        <F>220</F>
        <F>219</F>
        <F>132</F>
        <F>32</F>
      </Row>
      <Row index="220">
        <F>221</F>
        <F>220</F>
        <F>133</F>
        <F>31</F>
      </Row>
      <Row index="221">
        <F>222</F>
        <F>221</F>
        <F>134</F>
        <F>32</F>
      </Row>
      <Row index="222">
        <F>223</F>
        <F>222</F>
        <F>135</F>
        <F>28</F>
      </Row>
      <Row index="223">
        <F>224</F>
        <F>223</F>
        <F>136</F>
        <F>27</F>
      </Row>
      <Row index="224">
        <F>225</F>
        <F>224</F>
        <F>137</F>
        <F>37</F>
      </Row>
      <Row index="225">
        <F>226</F>
        <F>225</F>
        <F>138</F>
        <F>26</F>
      </Row>
      <Row index="226">
        <F>227</F>
        <F>226</F>
        <F>139</F>
        <F>27</F>
      </Row>
      <Row index="227">
        <F>228</F>
        <F>227</F>
        <F>140</F>
        <F>21</F>
      </Row>
      <Row index="228">
        <F>229</F>
        <F>228</F>
        <F>141</F>
        <F>27</F>
      </Row>
      <Row index="229">
        <F>230</F>
        <F>229</F>
        <F>142</F>
        <F>23</F>
      </Row>
      <Row index="230">
        <F>231</F>
        <F>230</F>
        <F>143</F>
        <F>25</F>
      </Row>
      <Row index="231">
        <F>232</F>
        <F>231</F>
        <F>144</F>
        <F>14</F>
      </Row>
      <Row index="232">
        <F>233</F>
        <F>232</F>
        <F>145</F>
        <F>20</F>
      </Row>
      <Row index="233">
        <F>234</F>
        <F>233</F>
        <F>146</F>
        <F>15</F>
      </Row>
      <Row index="234">
        <F>235</F>
        <F>234</F>
        <F>147</F>
        <F>12</F>
      </Row>
      <Row index="235">
        <F>236</F>
        <F>235</F>
        <F>148</F>
        <F>12</F>
      </Row>
      <Row index="236">
        <F>237</F>
        <F>236</F>
        <F>149</F>
        <F>13</F>
      </Row>
      <Row index="237">
        <F>238</F>
        <F>237</F>
        <F>150</F>
        <F>11</F>
      </Row>
      <Row index="238">
        <F>239</F>
        <F>238</F>
        <F>151</F>
        <F>9</F>
      </Row>
      <Row index="239">
        <F>240</F>
        <F>239</F>
        <F>152</F>
        <F>6</F>
      </Row>
      <Row index="240">
        <F>241</F>
        <F>240</F>
        <F>153</F>
        <F>10</F>
      </Row>
      <Row index="241">
        <F>242</F>
        <F>241</F>
        <F>154</F>
        <F>6</F>
      </Row>
      <Row index="242">
        <F>243</F>
        <F>242</F>
        <F>155</F>
        <F>5</F>
      </Row>
      <Row index="243">
        <F>244</F>
        <F>243</F>
        <F>156</F>
        <F>10</F>
      </Row>
      <Row index="244">
        <F>245</F>
        <F>244</F>
        <F>157</F>
        <F>10</F>
      </Row>
      <Row index="245">
        <F>246</F>
        <F>245</F>
        <F>158</F>
        <F>5</F>
      </Row>
      <Row index="246">
        <F>247</F>
        <F>246</F>
        <F>159</F>
        <F>5</F>
      </Row>
      <Row index="247">
        <F>248</F>
        <F>247</F>
        <F>160</F>
        <F>5</F>
      </Row>
      <Row index="248">
        <F>249</F>
        <F>248</F>
        <F>161</F>
        <F>9</F>
      </Row>
      <Row index="249">
        <F>250</F>
        <F>249</F>
        <F>162</F>
        <F>2</F>
      </Row>
      <Row index="250">
        <F>251</F>
        <F>250</F>
        <F>163</F>
        <F>4</F>
      </Row>
      <Row index="251">
        <F>252</F>
        <F>251</F>
        <F>164</F>
        <F>6</F>
      </Row>
      <Row index="252">
        <F>253</F>
        <F>252</F>
        <F>165</F>
        <F>7</F>
      </Row>
      <Row index="253">
        <F>254</F>
        <F>253</F>
        <F>166</F>
        <F>9</F>
      </Row>
      <Row index="254">
        <F>255</F>
        <F>254</F>
        <F>167</F>
        <F>3</F>
      </Row>
      <Row index="255">
        <F>256</F>
        <F>255</F>
        <F>168</F>
        <F>3</F>
      </Row>
      <Row index="256">
        <F>257</F>
        <F>256</F>
        <F>169</F>
        <F>10</F>
      </Row>
      <Row index="257">
        <F>258</F>
        <F>257</F>
        <F>170</F>
        <F>7</F>
      </Row>
      <Row index="258">
        <F>259</F>
        <F>258</F>
        <F>171</F>
        <F>8</F>
      </Row>
      <Row index="259">
        <F>260</F>
        <F>259</F>
        <F>172</F>
        <F>8</F>
      </Row>
      <Row index="260">
        <F>261</F>
        <F>260</F>
        <F>173</F>
        <F>1</F>
      </Row>
      <Row index="261">
        <F>262</F>
        <F>261</F>
        <F>174</F>
        <F>3</F>
      </Row>
      <Row index="262">
        <F>263</F>
        <F>262</F>
        <F>175</F>
        <F>4</F>
      </Row>
      <Row index="263">
        <F>264</F>
        <F>263</F>
        <F>176</F>
        <F>5</F>
      </Row>
      <Row index="264">
        <F>265</F>
        <F>264</F>
        <F>177</F>
        <F>7</F>
      </Row>
      <Row index="265">
        <F>266</F>
        <F>265</F>
        <F>178</F>
        <F>6</F>
      </Row>
      <Row index="266">
        <F>267</F>
        <F>266</F>
        <F>179</F>
        <F>4</F>
      </Row>
      <Row index="267">
        <F>268</F>
        <F>267</F>
        <F>180</F>
        <F>5</F>
      </Row>
      <Row index="268">
        <F>269</F>
        <F>268</F>
        <F>181</F>
        <F>2</F>
      </Row>
      <Row index="269">
        <F>270</F>
        <F>269</F>
        <F>182</F>
        <F>4</F>
      </Row>
      <Row index="270">
        <F>271</F>
        <F>270</F>
        <F>183</F>
        <F>3</F>
      </Row>
      <Row index="271">
        <F>272</F>
        <F>271</F>
        <F>184</F>
        <F>6</F>
      </Row>
      <Row index="272">
        <F>273</F>
        <F>272</F>
        <F>185</F>
        <F>2</F>
      </Row>
      <Row index="273">
        <F>274</F>
        <F>273</F>
        <F>186</F>
        <F>4</F>
      </Row>
      <Row index="274">
        <F>275</F>
        <F>274</F>
        <F>187</F>
        <F>4</F>
      </Row>
      <Row index="275">
        <F>277</F>
        <F>276</F>
        <F>189</F>
        <F>2</F>
      </Row>
      <Row index="276">
        <F>280</F>
        <F>279</F>
        <F>192</F>
        <F>4</F>
      </Row>
      <Row index="277">
        <F>281</F>
        <F>280</F>
        <F>193</F>
        <F>3</F>
      </Row>
      <Row index="278">
        <F>282</F>
        <F>281</F>
        <F>194</F>
        <F>2</F>
      </Row>
      <Row index="279">
        <F>283</F>
        <F>282</F>
        <F>195</F>
        <F>2</F>
      </Row>
      <Row index="280">
        <F>284</F>
        <F>283</F>
        <F>196</F>
        <F>2</F>
      </Row>
      <Row index="281">
        <F>285</F>
        <F>284</F>
        <F>197</F>
        <F>1</F>
      </Row>
      <Row index="282">
        <F>286</F>
        <F>285</F>
        <F>198</F>
        <F>1</F>
      </Row>
      <Row index="283">
        <F>287</F>
        <F>286</F>
        <F>199</F>
        <F>2</F>
      </Row>
      <Row index="284">
        <F>288</F>
        <F>287</F>
        <F>200</F>
        <F>2</F>
      </Row>
      <Row index="285">
        <F>290</F>
        <F>289</F>
        <F>202</F>
        <F>2</F>
      </Row>
      <Row index="286">
        <F>1351</F>
        <F>-97</F>
        <F>1</F>
        <F>2</F>
      </Row>
      <Row index="287">
        <F>1352</F>
        <F>-96</F>
        <F>1</F>
        <F>2</F>
      </Row>
      <Row index="288">
        <F>1353</F>
        <F>-93</F>
        <F>1</F>
        <F>1</F>
      </Row>
      <Row index="289">
        <F>1354</F>
        <F>-91</F>
        <F>1</F>
        <F>1</F>
      </Row>
      <Row index="290">
        <F>1355</F>
        <F>-90</F>
        <F>1</F>
        <F>2</F>
      </Row>
      <Row index="291">
        <F>1356</F>
        <F>-89</F>
        <F>1</F>
        <F>1</F>
      </Row>
      <Row index="292">
        <F>1357</F>
        <F>-88</F>
        <F>1</F>
        <F>1</F>
      </Row>
      <Row index="293">
        <F>1358</F>
        <F>-83</F>
        <F>1</F>
        <F>2</F>
      </Row>
      <Row index="294">
        <F>1359</F>
        <F>-82</F>
        <F>1</F>
        <F>1</F>
      </Row>
      <Row index="295">
        <F>1360</F>
        <F>-79</F>
        <F>1</F>
        <F>2</F>
      </Row>
      <Row index="296">
        <F>1361</F>
        <F>-77</F>
        <F>1</F>
        <F>1</F>
      </Row>
      <Row index="297">
        <F>1362</F>
        <F>-76</F>
        <F>1</F>
        <F>1</F>
      </Row>
      <Row index="298">
        <F>1363</F>
        <F>-75</F>
        <F>1</F>
        <F>1</F>
      </Row>
      <Row index="299">
        <F>1364</F>
        <F>-74</F>
        <F>1</F>
        <F>1</F>
      </Row>
      <Row index="300">
        <F>1365</F>
        <F>-73</F>
        <F>1</F>
        <F>3</F>
      </Row>
      <Row index="301">
        <F>1366</F>
        <F>-72</F>
        <F>1</F>
        <F>1</F>
      </Row>
      <Row index="302">
        <F>1367</F>
        <F>-71</F>
        <F>1</F>
        <F>2</F>
      </Row>
      <Row index="303">
        <F>1368</F>
        <F>-70</F>
        <F>1</F>
        <F>1</F>
      </Row>
      <Row index="304">
        <F>1369</F>
        <F>-69</F>
        <F>1</F>
        <F>2</F>
      </Row>
      <Row index="305">
        <F>1370</F>
        <F>-68</F>
        <F>1</F>
        <F>2</F>
      </Row>
      <Row index="306">
        <F>1371</F>
        <F>-67</F>
        <F>1</F>
        <F>2</F>
      </Row>
      <Row index="307">
        <F>1372</F>
        <F>-66</F>
        <F>1</F>
        <F>2</F>
      </Row>
      <Row index="308">
        <F>1373</F>
        <F>-65</F>
        <F>1</F>
        <F>8</F>
      </Row>
      <Row index="309">
        <F>1374</F>
        <F>-64</F>
        <F>1</F>
        <F>3</F>
      </Row>
      <Row index="310">
        <F>1375</F>
        <F>-63</F>
        <F>1</F>
        <F>4</F>
      </Row>
      <Row index="311">
        <F>1376</F>
        <F>-62</F>
        <F>1</F>
        <F>3</F>
      </Row>
      <Row index="312">
        <F>1377</F>
        <F>-61</F>
        <F>1</F>
        <F>2</F>
      </Row>
      <Row index="313">
        <F>1378</F>
        <F>-60</F>
        <F>1</F>
        <F>4</F>
      </Row>
      <Row index="314">
        <F>1379</F>
        <F>-58</F>
        <F>1</F>
        <F>8</F>
      </Row>
      <Row index="315">
        <F>1380</F>
        <F>-57</F>
        <F>1</F>
        <F>8</F>
      </Row>
      <Row index="316">
        <F>1381</F>
        <F>-56</F>
        <F>1</F>
        <F>6</F>
      </Row>
      <Row index="317">
        <F>1382</F>
        <F>-55</F>
        <F>1</F>
        <F>4</F>
      </Row>
      <Row index="318">
        <F>1383</F>
        <F>-54</F>
        <F>1</F>
        <F>5</F>
      </Row>
      <Row index="319">
        <F>1384</F>
        <F>-53</F>
        <F>1</F>
        <F>6</F>
      </Row>
      <Row index="320">
        <F>1385</F>
        <F>-52</F>
        <F>1</F>
        <F>9</F>
      </Row>
      <Row index="321">
        <F>1386</F>
        <F>-51</F>
        <F>1</F>
        <F>4</F>
      </Row>
      <Row index="322">
        <F>1387</F>
        <F>-50</F>
        <F>1</F>
        <F>3</F>
      </Row>
      <Row index="323">
        <F>1388</F>
        <F>-49</F>
        <F>1</F>
        <F>4</F>
      </Row>
      <Row index="324">
        <F>1389</F>
        <F>-48</F>
        <F>1</F>
        <F>7</F>
      </Row>
      <Row index="325">
        <F>1390</F>
        <F>-47</F>
        <F>1</F>
        <F>8</F>
      </Row>
      <Row index="326">
        <F>1391</F>
        <F>-46</F>
        <F>1</F>
        <F>10</F>
      </Row>
      <Row index="327">
        <F>1392</F>
        <F>-45</F>
        <F>1</F>
        <F>5</F>
      </Row>
      <Row index="328">
        <F>1393</F>
        <F>-44</F>
        <F>1</F>
        <F>4</F>
      </Row>
      <Row index="329">
        <F>1394</F>
        <F>-43</F>
        <F>1</F>
        <F>6</F>
      </Row>
      <Row index="330">
        <F>1395</F>
        <F>-42</F>
        <F>1</F>
        <F>8</F>
      </Row>
      <Row index="331">
        <F>1396</F>
        <F>-41</F>
        <F>1</F>
        <F>5</F>
      </Row>
      <Row index="332">
        <F>1397</F>
        <F>-40</F>
        <F>1</F>
        <F>4</F>
      </Row>
      <Row index="333">
        <F>1398</F>
        <F>-39</F>
        <F>1</F>
        <F>8</F>
      </Row>
      <Row index="334">
        <F>1399</F>
        <F>-38</F>
        <F>1</F>
        <F>6</F>
      </Row>
      <Row index="335">
        <F>1400</F>
        <F>-37</F>
        <F>1</F>
        <F>8</F>
      </Row>
      <Row index="336">
        <F>1401</F>
        <F>-36</F>
        <F>1</F>
        <F>7</F>
      </Row>
      <Row index="337">
        <F>1402</F>
        <F>-35</F>
        <F>1</F>
        <F>8</F>
      </Row>
      <Row index="338">
        <F>1403</F>
        <F>-34</F>
        <F>1</F>
        <F>11</F>
      </Row>
      <Row index="339">
        <F>1404</F>
        <F>-33</F>
        <F>1</F>
        <F>13</F>
      </Row>
      <Row index="340">
        <F>1405</F>
        <F>-32</F>
        <F>1</F>
        <F>11</F>
      </Row>
      <Row index="341">
        <F>1406</F>
        <F>-31</F>
        <F>1</F>
        <F>8</F>
      </Row>
      <Row index="342">
        <F>1407</F>
        <F>-30</F>
        <F>1</F>
        <F>6</F>
      </Row>
      <Row index="343">
        <F>1408</F>
        <F>-29</F>
        <F>1</F>
        <F>13</F>
      </Row>
      <Row index="344">
        <F>1409</F>
        <F>-28</F>
        <F>1</F>
        <F>21</F>
      </Row>
      <Row index="345">
        <F>1410</F>
        <F>-27</F>
        <F>1</F>
        <F>19</F>
      </Row>
      <Row index="346">
        <F>1411</F>
        <F>-26</F>
        <F>1</F>
        <F>10</F>
      </Row>
      <Row index="347">
        <F>1412</F>
        <F>-25</F>
        <F>1</F>
        <F>20</F>
      </Row>
      <Row index="348">
        <F>1413</F>
        <F>-24</F>
        <F>1</F>
        <F>8</F>
      </Row>
      <Row index="349">
        <F>1414</F>
        <F>-23</F>
        <F>1</F>
        <F>17</F>
      </Row>
      <Row index="350">
        <F>1415</F>
        <F>-22</F>
        <F>1</F>
        <F>15</F>
      </Row>
      <Row index="351">
        <F>1416</F>
        <F>-21</F>
        <F>1</F>
        <F>17</F>
      </Row>
      <Row index="352">
        <F>1417</F>
        <F>-20</F>
        <F>1</F>
        <F>15</F>
      </Row>
      <Row index="353">
        <F>1418</F>
        <F>-19</F>
        <F>1</F>
        <F>29</F>
      </Row>
      <Row index="354">
        <F>1419</F>
        <F>-18</F>
        <F>1</F>
        <F>20</F>
      </Row>
      <Row index="355">
        <F>1420</F>
        <F>-17</F>
        <F>1</F>
        <F>14</F>
      </Row>
      <Row index="356">
        <F>1421</F>
        <F>-16</F>
        <F>1</F>
        <F>24</F>
      </Row>
      <Row index="357">
        <F>1422</F>
        <F>-15</F>
        <F>1</F>
        <F>22</F>
      </Row>
      <Row index="358">
        <F>1423</F>
        <F>-14</F>
        <F>1</F>
        <F>29</F>
      </Row>
      <Row index="359">
        <F>1424</F>
        <F>-13</F>
        <F>1</F>
        <F>25</F>
      </Row>
      <Row index="360">
        <F>1425</F>
        <F>-12</F>
        <F>1</F>
        <F>22</F>
      </Row>
      <Row index="361">
        <F>1426</F>
        <F>-11</F>
        <F>1</F>
        <F>37</F>
      </Row>
      <Row index="362">
        <F>1427</F>
        <F>-10</F>
        <F>1</F>
        <F>33</F>
      </Row>
      <Row index="363">
        <F>1428</F>
        <F>-9</F>
        <F>1</F>
        <F>43</F>
      </Row>
      <Row index="364">
        <F>1429</F>
        <F>-8</F>
        <F>1</F>
        <F>40</F>
      </Row>
      <Row index="365">
        <F>1430</F>
        <F>-7</F>
        <F>1</F>
        <F>50</F>
      </Row>
      <Row index="366">
        <F>1431</F>
        <F>-6</F>
        <F>1</F>
        <F>51</F>
      </Row>
      <Row index="367">
        <F>1432</F>
        <F>-5</F>
        <F>1</F>
        <F>65</F>
      </Row>
      <Row index="368">
        <F>1433</F>
        <F>-4</F>
        <F>1</F>
        <F>71</F>
      </Row>
      <Row index="369">
        <F>1434</F>
        <F>-3</F>
        <F>1</F>
        <F>64</F>
      </Row>
      <Row index="370">
        <F>1435</F>
        <F>-2</F>
        <F>1</F>
        <F>93</F>
      </Row>
      <Row index="371">
        <F>1436</F>
        <F>-1</F>
        <F>1</F>
        <F>69</F>
      </Row>
    </GDALRasterAttributeTable>
  </PAMRasterBand>
</PAMDataset>
